FirstName,LastName
Ryan,Hightower
Jon,Smith
Bob,Jones
James,Dean
Burt,Reynolds
Daniel,Craig
Dan,Smith
Nicole,Hightower
Tatum,Hightower
Dennis,Thomas
Tom,Roddy
Cam,Davis
Mike,Davis
Jason,Turner
Sally,Jesse
Barb,Banes
Chris,Thomas
Sean,Connery
Roger,Moore
Tim,Dalton
Pierce,Brosnan
Eddie,Gonzales
David,Blaine
Bob,Thomas
Steve,Loyd
Ryan,Boss
Hannah,Banana
Deon,Sanders
Troy,Aikman
Dak,Prescott
Zeke,Elliot
Mike,Gallup
Ceedee,Lamb
Zack,Martin
Rose,Lavelle
Megan,Rapinoe
Hope,Solo
Carli,Lloyd
Julie,Ertz
Sam,Smith
Sam,Mewis
Chris,Press
Megan,Horan
Sammy,Kerr
Kasey,Keller
Tim,Howard
Tony,Meola
David,Vanole
Matt,Turner

